epoch;accuracy;loss;val_accuracy;val_loss
0;0.4150943458080292;3414.82861328125;NA;NA
1;0.40566039085388184;1.0703837871551514;NA;NA
2;0.4433962404727936;1.0779203176498413;NA;NA
3;0.4433962404727936;1.0756795406341553;NA;NA
4;0.43396225571632385;1.0747928619384766;NA;NA
5;0.4433962404727936;1.0789788961410522;NA;NA
6;0.4245283007621765;1.0765117406845093;NA;NA
7;0.4433962404727936;1.076821208000183;NA;NA
8;0.4433962404727936;1.076478123664856;NA;NA
9;0.4433962404727936;1.075303554534912;NA;NA
10;0.4433962404727936;1.078331470489502;NA;NA
11;0.4433962404727936;1.0781193971633911;NA;NA
12;0.4433962404727936;1.0726642608642578;NA;NA
13;0.4433962404727936;1.0777249336242676;NA;NA
14;0.4433962404727936;1.077745795249939;NA;NA
15;0.4433962404727936;1.0744515657424927;NA;NA
16;0.4433962404727936;1.0782012939453125;NA;NA
17;0.4245283007621765;1.0698189735412598;NA;NA
18;0.4433962404727936;1.0743943452835083;NA;NA
19;0.4433962404727936;1.0771455764770508;NA;NA
20;0.4433962404727936;1.0736980438232422;NA;NA
21;0.3679245412349701;1.0683050155639648;NA;NA
22;0.4433962404727936;1.07896089553833;NA;NA
23;0.4245283007621765;1.0756996870040894;NA;NA
24;0.4433962404727936;1.076396107673645;NA;NA
25;0.43396225571632385;1.0772700309753418;NA;NA
26;0.4433962404727936;1.0776841640472412;NA;NA
27;0.4433962404727936;1.0759997367858887;NA;NA
28;0.4433962404727936;1.0733391046524048;NA;NA
29;0.4433962404727936;1.0754637718200684;NA;NA
30;0.4433962404727936;1.0746088027954102;NA;NA
31;0.3962264060974121;1.0730208158493042;NA;NA
32;0.4433962404727936;1.077654242515564;NA;NA
33;0.4433962404727936;1.0765736103057861;NA;NA
34;0.43396225571632385;1.07158625125885;NA;NA
35;0.4433962404727936;1.0750410556793213;NA;NA
36;0.4433962404727936;1.0773959159851074;NA;NA
37;0.4433962404727936;1.077096939086914;NA;NA
38;0.4433962404727936;1.077562689781189;NA;NA
39;0.4433962404727936;1.0750106573104858;NA;NA
40;0.43396225571632385;1.0764310359954834;NA;NA
41;0.40566039085388184;1.0712370872497559;NA;NA
42;0.4433962404727936;1.0772714614868164;NA;NA
43;0.43396225571632385;1.0750041007995605;NA;NA
44;0.4433962404727936;1.077148675918579;NA;NA
45;0.4433962404727936;1.0771194696426392;NA;NA
46;0.4433962404727936;1.0756858587265015;NA;NA
47;0.3962264060974121;1.076484203338623;NA;NA
48;0.4433962404727936;1.075232744216919;NA;NA
49;0.4433962404727936;1.0713748931884766;NA;NA
50;0.3962264060974121;1.0779168605804443;NA;NA
51;0.4433962404727936;1.0754350423812866;NA;NA
52;0.4245283007621765;1.0763781070709229;NA;NA
53;0.4433962404727936;1.0774604082107544;NA;NA
54;0.4150943458080292;1.0705674886703491;NA;NA
55;0.4433962404727936;1.0764106512069702;NA;NA
56;0.4150943458080292;1.0758036375045776;NA;NA
57;0.4433962404727936;1.0775911808013916;NA;NA
58;0.4433962404727936;1.074028730392456;NA;NA
59;0.4433962404727936;1.0774368047714233;NA;NA
60;0.4433962404727936;1.0771567821502686;NA;NA
61;0.38679245114326477;1.0744177103042603;NA;NA
62;0.4433962404727936;1.0739270448684692;NA;NA
63;0.4433962404727936;1.07817542552948;NA;NA
64;0.4433962404727936;1.0780351161956787;NA;NA
65;0.4433962404727936;1.0763490200042725;NA;NA
66;0.43396225571632385;1.072388768196106;NA;NA
67;0.4433962404727936;1.0718575716018677;NA;NA
68;0.3962264060974121;1.0759315490722656;NA;NA
69;0.4433962404727936;1.0750463008880615;NA;NA
70;0.4433962404727936;1.0768013000488281;NA;NA
71;0.43396225571632385;1.0608340501785278;NA;NA
72;0.4433962404727936;1.081234097480774;NA;NA
73;0.4433962404727936;1.0791270732879639;NA;NA
74;0.4433962404727936;1.0769914388656616;NA;NA
75;0.4433962404727936;1.0773532390594482;NA;NA
76;0.4245283007621765;1.0767499208450317;NA;NA
77;0.4433962404727936;1.0756261348724365;NA;NA
78;0.4433962404727936;1.0745935440063477;NA;NA
79;0.43396225571632385;1.0744291543960571;NA;NA
80;0.4433962404727936;1.0753072500228882;NA;NA
81;0.4433962404727936;1.075074553489685;NA;NA
82;0.4433962404727936;1.0779974460601807;NA;NA
83;0.4433962404727936;1.0783860683441162;NA;NA
84;0.4433962404727936;1.075147271156311;NA;NA
85;0.4433962404727936;1.0780155658721924;NA;NA
86;0.4245283007621765;1.0774738788604736;NA;NA
87;0.4433962404727936;1.0772497653961182;NA;NA
88;0.43396225571632385;1.076003074645996;NA;NA
89;0.4433962404727936;1.074101448059082;NA;NA
90;0.4433962404727936;1.074800729751587;NA;NA
91;0.4433962404727936;1.076286792755127;NA;NA
92;0.4433962404727936;1.0761512517929077;NA;NA
93;0.43396225571632385;1.077684998512268;NA;NA
94;0.4433962404727936;1.0765442848205566;NA;NA
95;0.4433962404727936;1.075396180152893;NA;NA
96;0.4433962404727936;1.0746194124221802;NA;NA
97;0.4433962404727936;1.0716735124588013;NA;NA
98;0.4433962404727936;1.0780858993530273;NA;NA
99;0.4433962404727936;1.0782201290130615;NA;NA
0;0.417391300201416;2310.007080078125;NA;NA
1;0.40869563817977905;1.0736072063446045;NA;NA
2;0.426086962223053;1.0733461380004883;NA;NA
3;0.40869563817977905;1.0720670223236084;NA;NA
4;0.40869563817977905;1.0689759254455566;NA;NA
5;0.46086955070495605;1.0650060176849365;NA;NA
6;0.417391300201416;1.0737744569778442;NA;NA
7;0.40869563817977905;1.0708966255187988;NA;NA
8;0.43478259444236755;1.0642768144607544;NA;NA
9;0.3913043439388275;1.06974458694458;NA;NA
10;0.3913043439388275;1.0691338777542114;NA;NA
11;0.40869563817977905;1.072182059288025;NA;NA
12;0.43478259444236755;1.0681535005569458;NA;NA
13;0.4000000059604645;1.0730794668197632;NA;NA
14;0.40869563817977905;1.0717217922210693;NA;NA
15;0.417391300201416;1.0736593008041382;NA;NA
16;0.426086962223053;1.0677845478057861;NA;NA
17;0.4000000059604645;1.0724083185195923;NA;NA
18;0.35652172565460205;1.072485089302063;NA;NA
19;0.3913043439388275;1.069365382194519;NA;NA
20;0.426086962223053;1.0748132467269897;NA;NA
21;0.426086962223053;1.072911024093628;NA;NA
22;0.3913043439388275;1.0720099210739136;NA;NA
23;0.40869563817977905;1.0669527053833008;NA;NA
24;0.426086962223053;1.0735915899276733;NA;NA
25;0.40869563817977905;1.0727323293685913;NA;NA
26;0.40869563817977905;1.0724568367004395;NA;NA
27;0.417391300201416;1.0694607496261597;NA;NA
28;0.3913043439388275;1.0737788677215576;NA;NA
29;0.373913049697876;1.073835015296936;NA;NA
30;0.3913043439388275;1.072811245918274;NA;NA
31;0.426086962223053;1.0684446096420288;NA;NA
32;0.3913043439388275;1.0729339122772217;NA;NA
33;0.33043476939201355;1.0730088949203491;NA;NA
34;0.426086962223053;1.0726420879364014;NA;NA
35;0.38260868191719055;1.0713565349578857;NA;NA
36;0.40869563817977905;1.0674138069152832;NA;NA
37;0.426086962223053;1.0725687742233276;NA;NA
38;0.373913049697876;1.0730197429656982;NA;NA
39;0.4000000059604645;1.0721461772918701;NA;NA
40;0.3913043439388275;1.0722330808639526;NA;NA
41;0.38260868191719055;1.0670651197433472;NA;NA
42;0.4000000059604645;1.0718592405319214;NA;NA
43;0.40869563817977905;1.0735417604446411;NA;NA
44;0.38260868191719055;1.0718895196914673;NA;NA
45;0.4000000059604645;1.0717589855194092;NA;NA
46;0.4000000059604645;1.072230577468872;NA;NA
47;0.3913043439388275;1.073177695274353;NA;NA
48;0.40869563817977905;1.0704107284545898;NA;NA
49;0.365217387676239;1.0685265064239502;NA;NA
50;0.38260868191719055;1.071405291557312;NA;NA
51;0.40869563817977905;1.0748200416564941;NA;NA
52;0.3913043439388275;1.070732831954956;NA;NA
53;0.40869563817977905;1.0717697143554688;NA;NA
54;0.417391300201416;1.0650477409362793;NA;NA
55;0.40869563817977905;1.0739015340805054;NA;NA
56;0.3913043439388275;1.071676254272461;NA;NA
57;0.4000000059604645;1.071706771850586;NA;NA
58;0.40869563817977905;1.0702390670776367;NA;NA
59;0.417391300201416;1.0719441175460815;NA;NA
60;0.426086962223053;1.0722253322601318;NA;NA
61;0.40869563817977905;1.0709389448165894;NA;NA
62;0.38260868191719055;1.072587013244629;NA;NA
63;0.417391300201416;1.069870948791504;NA;NA
64;0.426086962223053;1.0715185403823853;NA;NA
65;0.365217387676239;1.0704071521759033;NA;NA
66;0.365217387676239;1.0708041191101074;NA;NA
67;0.4000000059604645;1.0699431896209717;NA;NA
68;0.4000000059604645;1.068770170211792;NA;NA
69;0.3478260934352875;1.062406301498413;NA;NA
70;0.40869563817977905;1.0737906694412231;NA;NA
71;0.417391300201416;1.0700769424438477;NA;NA
72;0.4000000059604645;1.0726473331451416;NA;NA
73;0.3913043439388275;1.0718109607696533;NA;NA
74;0.4000000059604645;1.0723133087158203;NA;NA
75;0.3913043439388275;1.0708301067352295;NA;NA
76;0.426086962223053;1.0696715116500854;NA;NA
77;0.4434782564640045;1.0661346912384033;NA;NA
78;0.417391300201416;1.0632317066192627;NA;NA
79;0.417391300201416;1.0746581554412842;NA;NA
80;0.40869563817977905;1.0730342864990234;NA;NA
81;0.38260868191719055;1.070488452911377;NA;NA
82;0.426086962223053;1.0635595321655273;NA;NA
83;0.417391300201416;1.0745147466659546;NA;NA
84;0.38260868191719055;1.0702767372131348;NA;NA
85;0.426086962223053;1.075149655342102;NA;NA
86;0.426086962223053;1.0729812383651733;NA;NA
87;0.3913043439388275;1.0708398818969727;NA;NA
88;0.40869563817977905;1.0742024183273315;NA;NA
89;0.40869563817977905;1.0708062648773193;NA;NA
90;0.373913049697876;1.0719653367996216;NA;NA
91;0.426086962223053;1.0713555812835693;NA;NA
92;0.40869563817977905;1.0738173723220825;NA;NA
93;0.417391300201416;1.0641868114471436;NA;NA
94;0.417391300201416;1.0708876848220825;NA;NA
95;0.4000000059604645;1.0712981224060059;NA;NA
96;0.40869563817977905;1.0656455755233765;NA;NA
97;0.38260868191719055;1.0706313848495483;NA;NA
98;0.40869563817977905;1.0712205171585083;NA;NA
99;0.417391300201416;1.0715019702911377;NA;NA
100;0.3913043439388275;1.0725791454315186;NA;NA
101;0.4000000059604645;1.0732581615447998;NA;NA
102;0.40869563817977905;1.0724540948867798;NA;NA
103;0.35652172565460205;1.0709582567214966;NA;NA
104;0.417391300201416;1.072633147239685;NA;NA
105;0.4000000059604645;1.0721291303634644;NA;NA
106;0.38260868191719055;1.0706942081451416;NA;NA
107;0.4000000059604645;1.0731695890426636;NA;NA
108;0.4000000059604645;1.0730865001678467;NA;NA
109;0.3913043439388275;1.071929931640625;NA;NA
110;0.40869563817977905;1.0592743158340454;NA;NA
111;0.417391300201416;1.075273036956787;NA;NA
112;0.38260868191719055;1.0728834867477417;NA;NA
113;0.365217387676239;1.0717931985855103;NA;NA
114;0.417391300201416;1.0703128576278687;NA;NA
115;0.43478259444236755;1.064599633216858;NA;NA
116;0.373913049697876;1.0701026916503906;NA;NA
117;0.4000000059604645;1.066849946975708;NA;NA
118;0.35652172565460205;1.0703489780426025;NA;NA
119;0.4000000059604645;1.071199655532837;NA;NA
120;0.38260868191719055;1.071823239326477;NA;NA
121;0.3913043439388275;1.071832537651062;NA;NA
122;0.373913049697876;1.0741170644760132;NA;NA
123;0.38260868191719055;1.0702677965164185;NA;NA
124;0.373913049697876;1.0713094472885132;NA;NA
125;0.40869563817977905;1.0692932605743408;NA;NA
126;0.4000000059604645;1.0739827156066895;NA;NA
127;0.417391300201416;1.0737706422805786;NA;NA
128;0.4000000059604645;1.0713622570037842;NA;NA
129;0.4000000059604645;1.0736404657363892;NA;NA
130;0.417391300201416;1.0726149082183838;NA;NA
131;0.426086962223053;1.0697476863861084;NA;NA
132;0.373913049697876;1.0734977722167969;NA;NA
133;0.417391300201416;1.0724064111709595;NA;NA
134;0.38260868191719055;1.0720573663711548;NA;NA
135;0.40869563817977905;1.064626932144165;NA;NA
136;0.33043476939201355;1.0761685371398926;NA;NA
137;0.373913049697876;1.069662094116211;NA;NA
138;0.38260868191719055;1.0708601474761963;NA;NA
139;0.38260868191719055;1.0729061365127563;NA;NA
140;0.40869563817977905;1.0653308629989624;NA;NA
141;0.365217387676239;1.0718644857406616;NA;NA
142;0.4000000059604645;1.0734963417053223;NA;NA
143;0.365217387676239;1.069307804107666;NA;NA
144;0.4000000059604645;1.0724513530731201;NA;NA
145;0.417391300201416;1.0727189779281616;NA;NA
146;0.365217387676239;1.0709848403930664;NA;NA
147;0.4000000059604645;1.0730048418045044;NA;NA
148;0.417391300201416;1.0690155029296875;NA;NA
149;0.417391300201416;1.0699200630187988;NA;NA
150;0.4000000059604645;1.0717740058898926;NA;NA
151;0.38260868191719055;1.072788953781128;NA;NA
152;0.426086962223053;1.0689325332641602;NA;NA
153;0.40869563817977905;1.0592436790466309;NA;NA
154;0.417391300201416;1.0730003118515015;NA;NA
155;0.4000000059604645;1.0708317756652832;NA;NA
156;0.38260868191719055;1.0721559524536133;NA;NA
157;0.40869563817977905;1.0731838941574097;NA;NA
158;0.426086962223053;1.0687272548675537;NA;NA
159;0.365217387676239;1.0731480121612549;NA;NA
160;0.4000000059604645;1.072877287864685;NA;NA
161;0.417391300201416;1.0713053941726685;NA;NA
162;0.417391300201416;1.0717052221298218;NA;NA
163;0.40869563817977905;1.073499321937561;NA;NA
164;0.417391300201416;1.0678683519363403;NA;NA
165;0.40869563817977905;1.0719434022903442;NA;NA
166;0.417391300201416;1.0736030340194702;NA;NA
167;0.417391300201416;1.07229483127594;NA;NA
168;0.38260868191719055;1.0708816051483154;NA;NA
169;0.38260868191719055;1.0722970962524414;NA;NA
170;0.417391300201416;1.0679337978363037;NA;NA
171;0.40869563817977905;1.0736757516860962;NA;NA
172;0.426086962223053;1.0720022916793823;NA;NA
173;0.3913043439388275;1.0731464624404907;NA;NA
174;0.43478259444236755;1.0707380771636963;NA;NA
175;0.40869563817977905;1.0707699060440063;NA;NA
176;0.426086962223053;1.072740077972412;NA;NA
177;0.3913043439388275;1.071664810180664;NA;NA
178;0.373913049697876;1.0695362091064453;NA;NA
179;0.3913043439388275;1.073288083076477;NA;NA
180;0.40869563817977905;1.071607232093811;NA;NA
181;0.38260868191719055;1.0707786083221436;NA;NA
182;0.4000000059604645;1.0730482339859009;NA;NA
183;0.4000000059604645;1.072602391242981;NA;NA
184;0.40869563817977905;1.0723779201507568;NA;NA
185;0.40869563817977905;1.0648603439331055;NA;NA
186;0.417391300201416;1.0722358226776123;NA;NA
187;0.4000000059604645;1.0726909637451172;NA;NA
188;0.4000000059604645;1.0721555948257446;NA;NA
189;0.3913043439388275;1.0691133737564087;NA;NA
190;0.46086955070495605;1.0619546175003052;NA;NA
191;0.417391300201416;1.068753957748413;NA;NA
192;0.3913043439388275;1.071604609489441;NA;NA
193;0.43478259444236755;1.0700700283050537;NA;NA
194;0.4000000059604645;1.0716935396194458;NA;NA
195;0.43478259444236755;1.0688016414642334;NA;NA
196;0.38260868191719055;1.0733697414398193;NA;NA
197;0.4000000059604645;1.0712122917175293;NA;NA
198;0.38260868191719055;1.0699634552001953;NA;NA
199;0.38260868191719055;1.072494387626648;NA;NA
200;0.38260868191719055;1.0721278190612793;NA;NA
201;0.38260868191719055;1.0715434551239014;NA;NA
202;0.426086962223053;1.0710949897766113;NA;NA
203;0.417391300201416;1.0731196403503418;NA;NA
204;0.426086962223053;1.067765712738037;NA;NA
205;0.426086962223053;1.0668553113937378;NA;NA
206;0.417391300201416;1.0745294094085693;NA;NA
207;0.35652172565460205;1.0728167295455933;NA;NA
208;0.4000000059604645;1.0717135667800903;NA;NA
209;0.40869563817977905;1.0727707147598267;NA;NA
210;0.4000000059604645;1.0726114511489868;NA;NA
211;0.4434782564640045;1.0658894777297974;NA;NA
212;0.426086962223053;1.0698109865188599;NA;NA
213;0.426086962223053;1.0709154605865479;NA;NA
214;0.3391304314136505;1.072260856628418;NA;NA
215;0.426086962223053;1.073743462562561;NA;NA
216;0.40869563817977905;1.072439193725586;NA;NA
217;0.417391300201416;1.0697063207626343;NA;NA
218;0.3391304314136505;1.0736525058746338;NA;NA
219;0.373913049697876;1.0716187953948975;NA;NA
220;0.38260868191719055;1.0696464776992798;NA;NA
221;0.3391304314136505;1.0732682943344116;NA;NA
222;0.365217387676239;1.0684345960617065;NA;NA
223;0.417391300201416;1.0732438564300537;NA;NA
224;0.417391300201416;1.0708231925964355;NA;NA
225;0.38260868191719055;1.0689659118652344;NA;NA
226;0.426086962223053;1.0730453729629517;NA;NA
227;0.3913043439388275;1.0703681707382202;NA;NA
228;0.40869563817977905;1.0703679323196411;NA;NA
229;0.40869563817977905;1.0722124576568604;NA;NA
230;0.40869563817977905;1.0728732347488403;NA;NA
231;0.38260868191719055;1.0725196599960327;NA;NA
232;0.417391300201416;1.0694538354873657;NA;NA
233;0.426086962223053;1.0707124471664429;NA;NA
234;0.3913043439388275;1.0727591514587402;NA;NA
235;0.40869563817977905;1.0726357698440552;NA;NA
236;0.35652172565460205;1.0697076320648193;NA;NA
237;0.40869563817977905;1.0694571733474731;NA;NA
238;0.426086962223053;1.0737372636795044;NA;NA
239;0.3913043439388275;1.0695314407348633;NA;NA
240;0.3913043439388275;1.074099063873291;NA;NA
241;0.38260868191719055;1.0705957412719727;NA;NA
242;0.3391304314136505;1.0723220109939575;NA;NA
243;0.40869563817977905;1.0725953578948975;NA;NA
244;0.426086962223053;1.0732700824737549;NA;NA
245;0.40869563817977905;1.0704962015151978;NA;NA
246;0.40869563817977905;1.0719890594482422;NA;NA
247;0.3913043439388275;1.071083426475525;NA;NA
248;0.40869563817977905;1.0700653791427612;NA;NA
249;0.40869563817977905;1.0721774101257324;NA;NA
250;0.3478260934352875;1.0706257820129395;NA;NA
251;0.43478259444236755;1.068793535232544;NA;NA
252;0.35652172565460205;1.0726430416107178;NA;NA
253;0.35652172565460205;1.0741631984710693;NA;NA
254;0.38260868191719055;1.0706515312194824;NA;NA
255;0.4000000059604645;1.0722485780715942;NA;NA
256;0.417391300201416;1.0659340620040894;NA;NA
257;0.417391300201416;1.0705541372299194;NA;NA
258;0.40869563817977905;1.0711530447006226;NA;NA
259;0.426086962223053;1.0704784393310547;NA;NA
260;0.365217387676239;1.072092056274414;NA;NA
261;0.33043476939201355;1.069724202156067;NA;NA
262;0.426086962223053;1.0738275051116943;NA;NA
263;0.426086962223053;1.070252776145935;NA;NA
264;0.35652172565460205;1.0733083486557007;NA;NA
265;0.35652172565460205;1.0709148645401;NA;NA
266;0.40869563817977905;1.0722780227661133;NA;NA
267;0.4434782564640045;1.0661704540252686;NA;NA
268;0.4000000059604645;1.0720422267913818;NA;NA
269;0.417391300201416;1.0729546546936035;NA;NA
270;0.40869563817977905;1.073046088218689;NA;NA
271;0.4000000059604645;1.0713552236557007;NA;NA
272;0.426086962223053;1.074331283569336;NA;NA
273;0.40869563817977905;1.0717015266418457;NA;NA
274;0.373913049697876;1.070478916168213;NA;NA
275;0.426086962223053;1.0680238008499146;NA;NA
276;0.373913049697876;1.0716278553009033;NA;NA
277;0.4000000059604645;1.0710861682891846;NA;NA
278;0.373913049697876;1.0707210302352905;NA;NA
279;0.40869563817977905;1.0675796270370483;NA;NA
280;0.40869563817977905;1.069409728050232;NA;NA
281;0.38260868191719055;1.0728535652160645;NA;NA
282;0.417391300201416;1.0739507675170898;NA;NA
283;0.40869563817977905;1.0709307193756104;NA;NA
284;0.4000000059604645;1.0715577602386475;NA;NA
285;0.40869563817977905;1.0637991428375244;NA;NA
286;0.3478260934352875;1.0726568698883057;NA;NA
287;0.3913043439388275;1.0734930038452148;NA;NA
288;0.426086962223053;1.0717686414718628;NA;NA
289;0.43478259444236755;1.0691778659820557;NA;NA
290;0.40869563817977905;1.0681649446487427;NA;NA
291;0.40869563817977905;1.073178768157959;NA;NA
292;0.4434782564640045;1.0679705142974854;NA;NA
293;0.365217387676239;1.0736380815505981;NA;NA
294;0.417391300201416;1.0665608644485474;NA;NA
295;0.3913043439388275;1.0736640691757202;NA;NA
296;0.321739137172699;1.0699676275253296;NA;NA
297;0.40869563817977905;1.0731254816055298;NA;NA
298;0.33043476939201355;1.07182776927948;NA;NA
299;0.43478259444236755;1.0678919553756714;NA;NA
300;0.417391300201416;1.0634266138076782;NA;NA
301;0.40869563817977905;1.0745514631271362;NA;NA
302;0.417391300201416;1.0696485042572021;NA;NA
303;0.3913043439388275;1.071173906326294;NA;NA
304;0.35652172565460205;1.072542428970337;NA;NA
305;0.38260868191719055;1.0699317455291748;NA;NA
306;0.3913043439388275;1.0726486444473267;NA;NA
307;0.426086962223053;1.072826862335205;NA;NA
308;0.4000000059604645;1.0722488164901733;NA;NA
309;0.417391300201416;1.0729289054870605;NA;NA
310;0.4000000059604645;1.0705633163452148;NA;NA
311;0.4000000059604645;1.071310043334961;NA;NA
312;0.417391300201416;1.0730923414230347;NA;NA
313;0.38260868191719055;1.0711737871170044;NA;NA
314;0.426086962223053;1.0724537372589111;NA;NA
315;0.40869563817977905;1.0696806907653809;NA;NA
316;0.373913049697876;1.0715446472167969;NA;NA
317;0.3913043439388275;1.0731052160263062;NA;NA
318;0.4000000059604645;1.0713106393814087;NA;NA
319;0.373913049697876;1.0724091529846191;NA;NA
320;0.426086962223053;1.0724564790725708;NA;NA
321;0.3913043439388275;1.071717619895935;NA;NA
322;0.3913043439388275;1.0720878839492798;NA;NA
323;0.373913049697876;1.0716421604156494;NA;NA
324;0.426086962223053;1.0690838098526;NA;NA
325;0.40869563817977905;1.0730583667755127;NA;NA
326;0.417391300201416;1.0731562376022339;NA;NA
327;0.426086962223053;1.0740185976028442;NA;NA
328;0.4000000059604645;1.0721262693405151;NA;NA
329;0.3913043439388275;1.0729948282241821;NA;NA
330;0.365217387676239;1.0710242986679077;NA;NA
331;0.426086962223053;1.070723533630371;NA;NA
332;0.4000000059604645;1.0714837312698364;NA;NA
333;0.3913043439388275;1.0710537433624268;NA;NA
334;0.38260868191719055;1.0736101865768433;NA;NA
335;0.43478259444236755;1.0690665245056152;NA;NA
336;0.40869563817977905;1.0707060098648071;NA;NA
337;0.40869563817977905;1.0731146335601807;NA;NA
338;0.40869563817977905;1.068656086921692;NA;NA
339;0.3913043439388275;1.0733928680419922;NA;NA
340;0.373913049697876;1.071410894393921;NA;NA
341;0.426086962223053;1.0723036527633667;NA;NA
342;0.426086962223053;1.0652885437011719;NA;NA
343;0.426086962223053;1.0721681118011475;NA;NA
344;0.38260868191719055;1.0709728002548218;NA;NA
345;0.40869563817977905;1.0719527006149292;NA;NA
346;0.4000000059604645;1.0710077285766602;NA;NA
347;0.373913049697876;1.0705461502075195;NA;NA
348;0.4000000059604645;1.0729825496673584;NA;NA
349;0.4000000059604645;1.071048378944397;NA;NA
350;0.417391300201416;1.073591709136963;NA;NA
351;0.3913043439388275;1.0708491802215576;NA;NA
352;0.365217387676239;1.0690631866455078;NA;NA
353;0.426086962223053;1.0718516111373901;NA;NA
354;0.40869563817977905;1.0700938701629639;NA;NA
355;0.417391300201416;1.0718553066253662;NA;NA
356;0.4000000059604645;1.0708959102630615;NA;NA
357;0.4000000059604645;1.0726929903030396;NA;NA
358;0.35652172565460205;1.0732245445251465;NA;NA
359;0.40869563817977905;1.0694561004638672;NA;NA
360;0.40869563817977905;1.0730922222137451;NA;NA
361;0.426086962223053;1.0737677812576294;NA;NA
362;0.4000000059604645;1.0726872682571411;NA;NA
363;0.373913049697876;1.0701528787612915;NA;NA
364;0.3913043439388275;1.0690791606903076;NA;NA
365;0.40869563817977905;1.0724048614501953;NA;NA
366;0.38260868191719055;1.0707308053970337;NA;NA
367;0.417391300201416;1.0675050020217896;NA;NA
368;0.38260868191719055;1.0734655857086182;NA;NA
369;0.4000000059604645;1.0723716020584106;NA;NA
370;0.3913043439388275;1.0722553730010986;NA;NA
371;0.426086962223053;1.0717161893844604;NA;NA
372;0.426086962223053;1.0718698501586914;NA;NA
373;0.426086962223053;1.0713168382644653;NA;NA
374;0.3913043439388275;1.0701338052749634;NA;NA
375;0.40869563817977905;1.0686829090118408;NA;NA
376;0.4000000059604645;1.070062279701233;NA;NA
377;0.35652172565460205;1.0731643438339233;NA;NA
378;0.426086962223053;1.0695186853408813;NA;NA
379;0.417391300201416;1.0738276243209839;NA;NA
380;0.373913049697876;1.0725083351135254;NA;NA
381;0.3913043439388275;1.0734992027282715;NA;NA
382;0.426086962223053;1.0703226327896118;NA;NA
383;0.3913043439388275;1.073006510734558;NA;NA
384;0.43478259444236755;1.0669276714324951;NA;NA
385;0.373913049697876;1.0739332437515259;NA;NA
386;0.40869563817977905;1.0715888738632202;NA;NA
387;0.35652172565460205;1.071815013885498;NA;NA
388;0.35652172565460205;1.072027564048767;NA;NA
389;0.38260868191719055;1.0704822540283203;NA;NA
390;0.40869563817977905;1.0721937417984009;NA;NA
391;0.417391300201416;1.0709614753723145;NA;NA
392;0.40869563817977905;1.071275234222412;NA;NA
393;0.426086962223053;1.0689163208007812;NA;NA
394;0.40869563817977905;1.0731030702590942;NA;NA
395;0.35652172565460205;1.0663831233978271;NA;NA
396;0.40869563817977905;1.0752705335617065;NA;NA
397;0.4000000059604645;1.0704424381256104;NA;NA
398;0.426086962223053;1.0710355043411255;NA;NA
399;0.3391304314136505;1.073495626449585;NA;NA
400;0.38260868191719055;1.0713344812393188;NA;NA
401;0.373913049697876;1.067539095878601;NA;NA
402;0.417391300201416;1.0728826522827148;NA;NA
403;0.417391300201416;1.0716724395751953;NA;NA
404;0.40869563817977905;1.0681618452072144;NA;NA
405;0.417391300201416;1.0742636919021606;NA;NA
406;0.40869563817977905;1.0724552869796753;NA;NA
407;0.38260868191719055;1.0711638927459717;NA;NA
408;0.38260868191719055;1.0716221332550049;NA;NA
409;0.4000000059604645;1.0678009986877441;NA;NA
410;0.373913049697876;1.0708262920379639;NA;NA
411;0.40869563817977905;1.0729711055755615;NA;NA
412;0.417391300201416;1.0720162391662598;NA;NA
413;0.38260868191719055;1.0732934474945068;NA;NA
414;0.426086962223053;1.0693845748901367;NA;NA
415;0.426086962223053;1.0663230419158936;NA;NA
416;0.38260868191719055;1.073312520980835;NA;NA
417;0.417391300201416;1.071844458580017;NA;NA
418;0.4000000059604645;1.0726264715194702;NA;NA
419;0.4000000059604645;1.069798231124878;NA;NA
420;0.426086962223053;1.0712260007858276;NA;NA
421;0.3913043439388275;1.073026418685913;NA;NA
422;0.417391300201416;1.0697036981582642;NA;NA
423;0.3913043439388275;1.0725489854812622;NA;NA
424;0.426086962223053;1.072597861289978;NA;NA
425;0.4000000059604645;1.0714378356933594;NA;NA
426;0.3913043439388275;1.0705921649932861;NA;NA
427;0.40869563817977905;1.0730301141738892;NA;NA
428;0.3913043439388275;1.070473313331604;NA;NA
429;0.365217387676239;1.0733951330184937;NA;NA
430;0.417391300201416;1.0674705505371094;NA;NA
431;0.33043476939201355;1.0746941566467285;NA;NA
432;0.40869563817977905;1.066306710243225;NA;NA
433;0.426086962223053;1.0744191408157349;NA;NA
434;0.417391300201416;1.0697299242019653;NA;NA
435;0.4000000059604645;1.0713279247283936;NA;NA
436;0.43478259444236755;1.0711250305175781;NA;NA
437;0.3478260934352875;1.0738097429275513;NA;NA
438;0.40869563817977905;1.0701067447662354;NA;NA
439;0.40869563817977905;1.0723880529403687;NA;NA
440;0.38260868191719055;1.0715742111206055;NA;NA
441;0.3391304314136505;1.072988510131836;NA;NA
442;0.426086962223053;1.069784164428711;NA;NA
443;0.3913043439388275;1.0700315237045288;NA;NA
444;0.4000000059604645;1.070035696029663;NA;NA
445;0.3913043439388275;1.0720274448394775;NA;NA
446;0.38260868191719055;1.0674314498901367;NA;NA
447;0.426086962223053;1.069446086883545;NA;NA
448;0.40869563817977905;1.0713274478912354;NA;NA
449;0.417391300201416;1.0733006000518799;NA;NA
450;0.4434782564640045;1.0677692890167236;NA;NA
451;0.35652172565460205;1.074478268623352;NA;NA
452;0.40869563817977905;1.0730955600738525;NA;NA
453;0.3913043439388275;1.0707908868789673;NA;NA
454;0.3913043439388275;1.074048399925232;NA;NA
455;0.3913043439388275;1.0698875188827515;NA;NA
456;0.40869563817977905;1.0722558498382568;NA;NA
457;0.417391300201416;1.0721232891082764;NA;NA
458;0.38260868191719055;1.0707218647003174;NA;NA
459;0.417391300201416;1.0727663040161133;NA;NA
460;0.40869563817977905;1.0718697309494019;NA;NA
461;0.426086962223053;1.068071722984314;NA;NA
462;0.3391304314136505;1.069507360458374;NA;NA
463;0.426086962223053;1.0718916654586792;NA;NA
464;0.4000000059604645;1.071212649345398;NA;NA
465;0.417391300201416;1.06548011302948;NA;NA
466;0.40869563817977905;1.074533224105835;NA;NA
467;0.417391300201416;1.070961833000183;NA;NA
468;0.40869563817977905;1.0724809169769287;NA;NA
469;0.3913043439388275;1.0712424516677856;NA;NA
470;0.40869563817977905;1.0707807540893555;NA;NA
471;0.373913049697876;1.0677917003631592;NA;NA
472;0.426086962223053;1.071748971939087;NA;NA
473;0.373913049697876;1.0733964443206787;NA;NA
474;0.426086962223053;1.0709521770477295;NA;NA
475;0.3913043439388275;1.0705170631408691;NA;NA
476;0.417391300201416;1.072421908378601;NA;NA
477;0.38260868191719055;1.0727003812789917;NA;NA
478;0.417391300201416;1.069454312324524;NA;NA
479;0.38260868191719055;1.0728293657302856;NA;NA
480;0.4000000059604645;1.0701148509979248;NA;NA
481;0.4000000059604645;1.0677025318145752;NA;NA
482;0.417391300201416;1.072429895401001;NA;NA
483;0.417391300201416;1.0721803903579712;NA;NA
484;0.365217387676239;1.0720115900039673;NA;NA
485;0.4000000059604645;1.071325659751892;NA;NA
486;0.3478260934352875;1.0690748691558838;NA;NA
487;0.426086962223053;1.0724477767944336;NA;NA
488;0.426086962223053;1.0734466314315796;NA;NA
489;0.43478259444236755;1.0658586025238037;NA;NA
490;0.426086962223053;1.0747660398483276;NA;NA
491;0.3913043439388275;1.0668230056762695;NA;NA
492;0.40869563817977905;1.067949891090393;NA;NA
493;0.35652172565460205;1.074569582939148;NA;NA
494;0.40869563817977905;1.0712981224060059;NA;NA
495;0.426086962223053;1.0592098236083984;NA;NA
496;0.426086962223053;1.0764697790145874;NA;NA
497;0.417391300201416;1.0724276304244995;NA;NA
498;0.40869563817977905;1.0655052661895752;NA;NA
499;0.417391300201416;1.071863055229187;NA;NA
0;0.35652172565460205;739.586669921875;NA;NA
1;0.3913043439388275;1.0860248804092407;NA;NA
2;0.426086962223053;1.077759027481079;NA;NA
3;0.426086962223053;1.0722092390060425;NA;NA
4;0.426086962223053;1.0682095289230347;NA;NA
5;0.426086962223053;1.0646889209747314;NA;NA
6;0.426086962223053;1.063464879989624;NA;NA
7;0.426086962223053;1.0621401071548462;NA;NA
8;0.426086962223053;1.0616682767868042;NA;NA
9;0.426086962223053;1.0613220930099487;NA;NA
10;0.426086962223053;1.061553716659546;NA;NA
11;0.426086962223053;1.0604023933410645;NA;NA
12;0.426086962223053;1.0604664087295532;NA;NA
13;0.426086962223053;1.0608478784561157;NA;NA
14;0.426086962223053;1.0601047277450562;NA;NA
15;0.426086962223053;1.0597797632217407;NA;NA
16;0.426086962223053;1.0599747896194458;NA;NA
17;0.426086962223053;1.0592362880706787;NA;NA
18;0.426086962223053;1.0599935054779053;NA;NA
19;0.426086962223053;1.0595005750656128;NA;NA
20;0.426086962223053;1.060445785522461;NA;NA
21;0.426086962223053;1.059788465499878;NA;NA
22;0.426086962223053;1.0592970848083496;NA;NA
23;0.426086962223053;1.0604008436203003;NA;NA
24;0.426086962223053;1.0596458911895752;NA;NA
25;0.426086962223053;1.0604850053787231;NA;NA
26;0.426086962223053;1.0595990419387817;NA;NA
27;0.426086962223053;1.0605579614639282;NA;NA
28;0.426086962223053;1.0606284141540527;NA;NA
29;0.426086962223053;1.0593822002410889;NA;NA
30;0.426086962223053;1.060166358947754;NA;NA
31;0.426086962223053;1.0600180625915527;NA;NA
32;0.426086962223053;1.0597344636917114;NA;NA
33;0.426086962223053;1.0596599578857422;NA;NA
34;0.426086962223053;1.0603495836257935;NA;NA
35;0.426086962223053;1.0602771043777466;NA;NA
36;0.426086962223053;1.0598915815353394;NA;NA
37;0.426086962223053;1.0590205192565918;NA;NA
38;0.426086962223053;1.0601494312286377;NA;NA
39;0.426086962223053;1.0600395202636719;NA;NA
40;0.426086962223053;1.0599031448364258;NA;NA
41;0.426086962223053;1.0597705841064453;NA;NA
42;0.426086962223053;1.0600425004959106;NA;NA
43;0.426086962223053;1.0597376823425293;NA;NA
44;0.426086962223053;1.060099720954895;NA;NA
45;0.426086962223053;1.0598779916763306;NA;NA
46;0.426086962223053;1.059828281402588;NA;NA
47;0.426086962223053;1.060172438621521;NA;NA
48;0.426086962223053;1.0597715377807617;NA;NA
49;0.426086962223053;1.0601974725723267;NA;NA
50;0.426086962223053;1.0598154067993164;NA;NA
51;0.426086962223053;1.061438798904419;NA;NA
52;0.426086962223053;1.0596622228622437;NA;NA
53;0.426086962223053;1.0605292320251465;NA;NA
54;0.426086962223053;1.0602366924285889;NA;NA
55;0.426086962223053;1.0596249103546143;NA;NA
56;0.426086962223053;1.0598887205123901;NA;NA
57;0.426086962223053;1.0592883825302124;NA;NA
58;0.426086962223053;1.0597782135009766;NA;NA
59;0.426086962223053;1.0598835945129395;NA;NA
60;0.426086962223053;1.0599101781845093;NA;NA
61;0.426086962223053;1.059942364692688;NA;NA
62;0.426086962223053;1.0600899457931519;NA;NA
63;0.426086962223053;1.0599417686462402;NA;NA
64;0.426086962223053;1.05940580368042;NA;NA
65;0.426086962223053;1.0601166486740112;NA;NA
66;0.426086962223053;1.0598483085632324;NA;NA
67;0.426086962223053;1.0594382286071777;NA;NA
68;0.426086962223053;1.0607101917266846;NA;NA
69;0.426086962223053;1.060089349746704;NA;NA
70;0.426086962223053;1.0601173639297485;NA;NA
71;0.426086962223053;1.059375286102295;NA;NA
72;0.426086962223053;1.0605899095535278;NA;NA
73;0.426086962223053;1.0596944093704224;NA;NA
74;0.426086962223053;1.059607982635498;NA;NA
75;0.426086962223053;1.059587001800537;NA;NA
76;0.426086962223053;1.059500813484192;NA;NA
77;0.426086962223053;1.0593914985656738;NA;NA
78;0.426086962223053;1.0600827932357788;NA;NA
79;0.426086962223053;1.0600091218948364;NA;NA
80;0.426086962223053;1.05951988697052;NA;NA
81;0.426086962223053;1.0596520900726318;NA;NA
82;0.426086962223053;1.0605136156082153;NA;NA
83;0.426086962223053;1.0605156421661377;NA;NA
84;0.426086962223053;1.0595111846923828;NA;NA
85;0.426086962223053;1.0599669218063354;NA;NA
86;0.426086962223053;1.0593193769454956;NA;NA
87;0.426086962223053;1.0593535900115967;NA;NA
88;0.426086962223053;1.0601391792297363;NA;NA
89;0.426086962223053;1.0604711771011353;NA;NA
90;0.426086962223053;1.0599050521850586;NA;NA
91;0.426086962223053;1.0595800876617432;NA;NA
92;0.426086962223053;1.0594894886016846;NA;NA
93;0.426086962223053;1.0597611665725708;NA;NA
94;0.426086962223053;1.059683084487915;NA;NA
95;0.426086962223053;1.0589919090270996;NA;NA
96;0.426086962223053;1.0590989589691162;NA;NA
97;0.426086962223053;1.0599912405014038;NA;NA
98;0.426086962223053;1.0596003532409668;NA;NA
99;0.426086962223053;1.059367299079895;NA;NA
100;0.426086962223053;1.059428095817566;NA;NA
101;0.426086962223053;1.0600827932357788;NA;NA
102;0.426086962223053;1.059682011604309;NA;NA
103;0.426086962223053;1.0599526166915894;NA;NA
104;0.426086962223053;1.0601156949996948;NA;NA
105;0.426086962223053;1.0598422288894653;NA;NA
106;0.426086962223053;1.0596157312393188;NA;NA
107;0.426086962223053;1.0598607063293457;NA;NA
108;0.426086962223053;1.0596686601638794;NA;NA
109;0.426086962223053;1.0610973834991455;NA;NA
110;0.426086962223053;1.0592355728149414;NA;NA
111;0.426086962223053;1.058894157409668;NA;NA
112;0.426086962223053;1.0599560737609863;NA;NA
113;0.426086962223053;1.0596539974212646;NA;NA
114;0.426086962223053;1.0601948499679565;NA;NA
115;0.426086962223053;1.0594969987869263;NA;NA
116;0.426086962223053;1.0598235130310059;NA;NA
117;0.426086962223053;1.0600570440292358;NA;NA
118;0.426086962223053;1.0595169067382812;NA;NA
119;0.426086962223053;1.0598171949386597;NA;NA
120;0.426086962223053;1.0595101118087769;NA;NA
121;0.426086962223053;1.0598777532577515;NA;NA
122;0.426086962223053;1.0600019693374634;NA;NA
123;0.426086962223053;1.0595680475234985;NA;NA
124;0.426086962223053;1.0598880052566528;NA;NA
125;0.426086962223053;1.0599359273910522;NA;NA
126;0.426086962223053;1.0605475902557373;NA;NA
127;0.426086962223053;1.0603474378585815;NA;NA
128;0.426086962223053;1.0592222213745117;NA;NA
129;0.426086962223053;1.0594778060913086;NA;NA
130;0.426086962223053;1.060374140739441;NA;NA
131;0.426086962223053;1.0599555969238281;NA;NA
132;0.426086962223053;1.0599392652511597;NA;NA
133;0.426086962223053;1.0598047971725464;NA;NA
134;0.426086962223053;1.0600541830062866;NA;NA
135;0.426086962223053;1.0594886541366577;NA;NA
136;0.426086962223053;1.0593180656433105;NA;NA
137;0.426086962223053;1.0594547986984253;NA;NA
138;0.426086962223053;1.0596596002578735;NA;NA
139;0.426086962223053;1.060186743736267;NA;NA
140;0.426086962223053;1.05986487865448;NA;NA
141;0.426086962223053;1.0601030588150024;NA;NA
142;0.426086962223053;1.0594180822372437;NA;NA
143;0.426086962223053;1.059995412826538;NA;NA
144;0.426086962223053;1.0593898296356201;NA;NA
145;0.426086962223053;1.0604709386825562;NA;NA
146;0.426086962223053;1.0594245195388794;NA;NA
147;0.426086962223053;1.0596474409103394;NA;NA
148;0.426086962223053;1.059525966644287;NA;NA
149;0.426086962223053;1.0593712329864502;NA;NA
150;0.426086962223053;1.0597310066223145;NA;NA
151;0.426086962223053;1.060773253440857;NA;NA
152;0.426086962223053;1.0601435899734497;NA;NA
153;0.426086962223053;1.0596359968185425;NA;NA
154;0.426086962223053;1.0606292486190796;NA;NA
155;0.426086962223053;1.060059905052185;NA;NA
156;0.426086962223053;1.0591917037963867;NA;NA
157;0.426086962223053;1.0594890117645264;NA;NA
158;0.426086962223053;1.059495210647583;NA;NA
159;0.426086962223053;1.0593509674072266;NA;NA
160;0.426086962223053;1.0601208209991455;NA;NA
161;0.426086962223053;1.0602177381515503;NA;NA
162;0.426086962223053;1.0606765747070312;NA;NA
163;0.426086962223053;1.0598138570785522;NA;NA
164;0.426086962223053;1.06027352809906;NA;NA
165;0.426086962223053;1.0604417324066162;NA;NA
166;0.426086962223053;1.0595765113830566;NA;NA
167;0.426086962223053;1.0595494508743286;NA;NA
168;0.426086962223053;1.0605831146240234;NA;NA
169;0.426086962223053;1.0594393014907837;NA;NA
170;0.426086962223053;1.059677004814148;NA;NA
171;0.426086962223053;1.0598375797271729;NA;NA
172;0.426086962223053;1.0601640939712524;NA;NA
173;0.426086962223053;1.0594149827957153;NA;NA
174;0.426086962223053;1.0599459409713745;NA;NA
175;0.426086962223053;1.0599039793014526;NA;NA
176;0.426086962223053;1.0595357418060303;NA;NA
177;0.426086962223053;1.0595322847366333;NA;NA
178;0.426086962223053;1.059998869895935;NA;NA
179;0.426086962223053;1.0593470335006714;NA;NA
180;0.426086962223053;1.0598522424697876;NA;NA
181;0.426086962223053;1.0608916282653809;NA;NA
182;0.426086962223053;1.0597312450408936;NA;NA
183;0.426086962223053;1.059390902519226;NA;NA
184;0.426086962223053;1.0605874061584473;NA;NA
185;0.426086962223053;1.0598546266555786;NA;NA
186;0.426086962223053;1.0595734119415283;NA;NA
187;0.426086962223053;1.0595874786376953;NA;NA
188;0.426086962223053;1.0596373081207275;NA;NA
189;0.426086962223053;1.0598933696746826;NA;NA
190;0.426086962223053;1.0597095489501953;NA;NA
191;0.426086962223053;1.059909462928772;NA;NA
192;0.426086962223053;1.060158133506775;NA;NA
193;0.426086962223053;1.060011863708496;NA;NA
194;0.426086962223053;1.0597050189971924;NA;NA
195;0.426086962223053;1.0600066184997559;NA;NA
196;0.426086962223053;1.0592809915542603;NA;NA
197;0.426086962223053;1.0602779388427734;NA;NA
198;0.426086962223053;1.0601297616958618;NA;NA
199;0.426086962223053;1.0607168674468994;NA;NA
200;0.426086962223053;1.0597063302993774;NA;NA
201;0.426086962223053;1.0593599081039429;NA;NA
202;0.426086962223053;1.0595051050186157;NA;NA
203;0.426086962223053;1.0594635009765625;NA;NA
204;0.426086962223053;1.0594732761383057;NA;NA
205;0.426086962223053;1.0591094493865967;NA;NA
206;0.426086962223053;1.0596328973770142;NA;NA
207;0.426086962223053;1.0599422454833984;NA;NA
208;0.426086962223053;1.0598716735839844;NA;NA
209;0.426086962223053;1.0604256391525269;NA;NA
210;0.426086962223053;1.059674620628357;NA;NA
211;0.426086962223053;1.0593727827072144;NA;NA
212;0.426086962223053;1.0602165460586548;NA;NA
213;0.426086962223053;1.059638261795044;NA;NA
214;0.426086962223053;1.0595321655273438;NA;NA
215;0.426086962223053;1.0597423315048218;NA;NA
216;0.426086962223053;1.0594134330749512;NA;NA
217;0.426086962223053;1.0599050521850586;NA;NA
218;0.426086962223053;1.0605546236038208;NA;NA
219;0.426086962223053;1.060445785522461;NA;NA
220;0.426086962223053;1.0602284669876099;NA;NA
221;0.426086962223053;1.059130311012268;NA;NA
222;0.426086962223053;1.059861421585083;NA;NA
223;0.426086962223053;1.059712290763855;NA;NA
224;0.426086962223053;1.0595359802246094;NA;NA
225;0.426086962223053;1.0594725608825684;NA;NA
226;0.426086962223053;1.0602607727050781;NA;NA
227;0.426086962223053;1.06007719039917;NA;NA
228;0.426086962223053;1.059659719467163;NA;NA
229;0.426086962223053;1.0602099895477295;NA;NA
230;0.426086962223053;1.0593081712722778;NA;NA
231;0.426086962223053;1.0604749917984009;NA;NA
232;0.426086962223053;1.0594995021820068;NA;NA
233;0.426086962223053;1.0596470832824707;NA;NA
234;0.426086962223053;1.0605883598327637;NA;NA
235;0.426086962223053;1.0599113702774048;NA;NA
236;0.426086962223053;1.0600506067276;NA;NA
237;0.426086962223053;1.0603034496307373;NA;NA
238;0.426086962223053;1.0597394704818726;NA;NA
239;0.426086962223053;1.0597912073135376;NA;NA
240;0.426086962223053;1.0594972372055054;NA;NA
241;0.426086962223053;1.060563087463379;NA;NA
242;0.426086962223053;1.0597103834152222;NA;NA
243;0.426086962223053;1.0596197843551636;NA;NA
244;0.426086962223053;1.0597072839736938;NA;NA
245;0.426086962223053;1.0610228776931763;NA;NA
246;0.426086962223053;1.0602049827575684;NA;NA
247;0.426086962223053;1.06033456325531;NA;NA
248;0.426086962223053;1.0595085620880127;NA;NA
249;0.426086962223053;1.0600080490112305;NA;NA
250;0.426086962223053;1.0603611469268799;NA;NA
251;0.426086962223053;1.0601794719696045;NA;NA
252;0.426086962223053;1.0594159364700317;NA;NA
253;0.426086962223053;1.0594538450241089;NA;NA
254;0.426086962223053;1.0602842569351196;NA;NA
255;0.426086962223053;1.0601533651351929;NA;NA
256;0.426086962223053;1.0608749389648438;NA;NA
257;0.426086962223053;1.059666633605957;NA;NA
258;0.426086962223053;1.0597645044326782;NA;NA
259;0.426086962223053;1.0597950220108032;NA;NA
260;0.426086962223053;1.0593712329864502;NA;NA
261;0.426086962223053;1.061113953590393;NA;NA
262;0.426086962223053;1.060593605041504;NA;NA
263;0.426086962223053;1.0598441362380981;NA;NA
264;0.426086962223053;1.0595574378967285;NA;NA
265;0.426086962223053;1.0608203411102295;NA;NA
266;0.426086962223053;1.0600112676620483;NA;NA
267;0.426086962223053;1.0605164766311646;NA;NA
268;0.426086962223053;1.0597798824310303;NA;NA
269;0.426086962223053;1.0595072507858276;NA;NA
270;0.426086962223053;1.0600305795669556;NA;NA
271;0.426086962223053;1.0595295429229736;NA;NA
272;0.426086962223053;1.0594847202301025;NA;NA
273;0.426086962223053;1.0596834421157837;NA;NA
274;0.426086962223053;1.0594685077667236;NA;NA
275;0.426086962223053;1.0597301721572876;NA;NA
276;0.426086962223053;1.05918550491333;NA;NA
277;0.426086962223053;1.060469388961792;NA;NA
278;0.426086962223053;1.0600472688674927;NA;NA
279;0.426086962223053;1.0596864223480225;NA;NA
280;0.426086962223053;1.0595688819885254;NA;NA
281;0.426086962223053;1.0598618984222412;NA;NA
282;0.426086962223053;1.0599313974380493;NA;NA
283;0.426086962223053;1.059657096862793;NA;NA
284;0.426086962223053;1.059064507484436;NA;NA
285;0.426086962223053;1.0597765445709229;NA;NA
286;0.426086962223053;1.0602513551712036;NA;NA
287;0.426086962223053;1.059854507446289;NA;NA
288;0.426086962223053;1.0601567029953003;NA;NA
289;0.426086962223053;1.0607553720474243;NA;NA
290;0.426086962223053;1.0598822832107544;NA;NA
291;0.426086962223053;1.060641884803772;NA;NA
292;0.426086962223053;1.0613045692443848;NA;NA
293;0.426086962223053;1.0593796968460083;NA;NA
294;0.426086962223053;1.0603609085083008;NA;NA
295;0.426086962223053;1.059898853302002;NA;NA
296;0.426086962223053;1.059801459312439;NA;NA
297;0.426086962223053;1.0597901344299316;NA;NA
298;0.426086962223053;1.0593971014022827;NA;NA
299;0.426086962223053;1.0598268508911133;NA;NA
300;0.426086962223053;1.0599029064178467;NA;NA
301;0.426086962223053;1.0598946809768677;NA;NA
302;0.426086962223053;1.059867024421692;NA;NA
303;0.426086962223053;1.0596277713775635;NA;NA
304;0.426086962223053;1.0597606897354126;NA;NA
305;0.426086962223053;1.0597991943359375;NA;NA
306;0.426086962223053;1.060699462890625;NA;NA
307;0.426086962223053;1.0602145195007324;NA;NA
308;0.426086962223053;1.059194564819336;NA;NA
309;0.426086962223053;1.060301661491394;NA;NA
310;0.426086962223053;1.060547113418579;NA;NA
311;0.426086962223053;1.0605242252349854;NA;NA
312;0.426086962223053;1.0596221685409546;NA;NA
313;0.426086962223053;1.0596485137939453;NA;NA
314;0.426086962223053;1.0600578784942627;NA;NA
315;0.426086962223053;1.0596904754638672;NA;NA
316;0.426086962223053;1.0597326755523682;NA;NA
317;0.426086962223053;1.059333324432373;NA;NA
318;0.426086962223053;1.060121774673462;NA;NA
319;0.426086962223053;1.0601141452789307;NA;NA
320;0.426086962223053;1.0593647956848145;NA;NA
321;0.426086962223053;1.0594598054885864;NA;NA
322;0.426086962223053;1.059386968612671;NA;NA
323;0.426086962223053;1.0598747730255127;NA;NA
324;0.426086962223053;1.0594545602798462;NA;NA
325;0.426086962223053;1.059604525566101;NA;NA
326;0.426086962223053;1.0597323179244995;NA;NA
327;0.426086962223053;1.0597620010375977;NA;NA
328;0.426086962223053;1.059831142425537;NA;NA
329;0.426086962223053;1.059582233428955;NA;NA
330;0.426086962223053;1.0592509508132935;NA;NA
331;0.426086962223053;1.0591284036636353;NA;NA
332;0.426086962223053;1.0594701766967773;NA;NA
333;0.426086962223053;1.0595271587371826;NA;NA
334;0.426086962223053;1.0599404573440552;NA;NA
335;0.426086962223053;1.0593403577804565;NA;NA
336;0.426086962223053;1.05960214138031;NA;NA
337;0.426086962223053;1.059895634651184;NA;NA
338;0.426086962223053;1.0597103834152222;NA;NA
339;0.426086962223053;1.0603914260864258;NA;NA
340;0.426086962223053;1.0602459907531738;NA;NA
341;0.426086962223053;1.0594762563705444;NA;NA
342;0.426086962223053;1.0603268146514893;NA;NA
343;0.426086962223053;1.059757947921753;NA;NA
344;0.426086962223053;1.0600171089172363;NA;NA
345;0.426086962223053;1.0603973865509033;NA;NA
346;0.426086962223053;1.0598275661468506;NA;NA
347;0.426086962223053;1.059780240058899;NA;NA
348;0.426086962223053;1.060633659362793;NA;NA
349;0.426086962223053;1.0597443580627441;NA;NA
350;0.426086962223053;1.0598293542861938;NA;NA
351;0.426086962223053;1.0596569776535034;NA;NA
352;0.426086962223053;1.0597074031829834;NA;NA
353;0.426086962223053;1.059581995010376;NA;NA
354;0.426086962223053;1.060431718826294;NA;NA
355;0.426086962223053;1.0607696771621704;NA;NA
356;0.426086962223053;1.0607799291610718;NA;NA
357;0.426086962223053;1.060016393661499;NA;NA
358;0.426086962223053;1.0596686601638794;NA;NA
359;0.426086962223053;1.0605859756469727;NA;NA
360;0.426086962223053;1.0603824853897095;NA;NA
361;0.426086962223053;1.0597419738769531;NA;NA
362;0.426086962223053;1.0599896907806396;NA;NA
363;0.426086962223053;1.0601177215576172;NA;NA
364;0.426086962223053;1.0596240758895874;NA;NA
365;0.426086962223053;1.0596675872802734;NA;NA
366;0.426086962223053;1.0598740577697754;NA;NA
367;0.426086962223053;1.0597705841064453;NA;NA
368;0.426086962223053;1.0596190690994263;NA;NA
369;0.426086962223053;1.0600639581680298;NA;NA
370;0.426086962223053;1.059847354888916;NA;NA
371;0.426086962223053;1.0594431161880493;NA;NA
372;0.426086962223053;1.0604898929595947;NA;NA
373;0.426086962223053;1.0599607229232788;NA;NA
374;0.426086962223053;1.0597002506256104;NA;NA
375;0.426086962223053;1.0600308179855347;NA;NA
376;0.426086962223053;1.0596085786819458;NA;NA
377;0.426086962223053;1.059578776359558;NA;NA
378;0.426086962223053;1.059141755104065;NA;NA
379;0.426086962223053;1.059557318687439;NA;NA
380;0.426086962223053;1.0593665838241577;NA;NA
381;0.426086962223053;1.0599669218063354;NA;NA
382;0.426086962223053;1.0606025457382202;NA;NA
383;0.426086962223053;1.0592330694198608;NA;NA
384;0.426086962223053;1.0599870681762695;NA;NA
385;0.426086962223053;1.0600762367248535;NA;NA
386;0.426086962223053;1.060399055480957;NA;NA
387;0.426086962223053;1.059788465499878;NA;NA
388;0.426086962223053;1.060010313987732;NA;NA
389;0.426086962223053;1.0594826936721802;NA;NA
390;0.426086962223053;1.0606157779693604;NA;NA
391;0.426086962223053;1.0598264932632446;NA;NA
392;0.426086962223053;1.0592224597930908;NA;NA
393;0.426086962223053;1.0597169399261475;NA;NA
394;0.426086962223053;1.0600230693817139;NA;NA
395;0.426086962223053;1.0605137348175049;NA;NA
396;0.426086962223053;1.0597658157348633;NA;NA
397;0.426086962223053;1.0594305992126465;NA;NA
398;0.426086962223053;1.0602046251296997;NA;NA
399;0.426086962223053;1.0602450370788574;NA;NA
400;0.426086962223053;1.0592641830444336;NA;NA
401;0.426086962223053;1.059571623802185;NA;NA
402;0.426086962223053;1.0597401857376099;NA;NA
403;0.426086962223053;1.060073971748352;NA;NA
404;0.426086962223053;1.060263752937317;NA;NA
405;0.426086962223053;1.0601027011871338;NA;NA
406;0.426086962223053;1.0594031810760498;NA;NA
407;0.426086962223053;1.059996247291565;NA;NA
408;0.426086962223053;1.0601285696029663;NA;NA
409;0.426086962223053;1.0599009990692139;NA;NA
410;0.426086962223053;1.0607893466949463;NA;NA
411;0.426086962223053;1.0592495203018188;NA;NA
412;0.426086962223053;1.0591312646865845;NA;NA
413;0.426086962223053;1.0596157312393188;NA;NA
414;0.426086962223053;1.059471845626831;NA;NA
415;0.426086962223053;1.059649109840393;NA;NA
416;0.426086962223053;1.0601826906204224;NA;NA
417;0.426086962223053;1.0600864887237549;NA;NA
418;0.426086962223053;1.0599486827850342;NA;NA
419;0.426086962223053;1.0598903894424438;NA;NA
420;0.426086962223053;1.0594685077667236;NA;NA
421;0.426086962223053;1.059775948524475;NA;NA
422;0.426086962223053;1.059706687927246;NA;NA
423;0.426086962223053;1.0603458881378174;NA;NA
424;0.426086962223053;1.0597561597824097;NA;NA
425;0.426086962223053;1.059442162513733;NA;NA
426;0.426086962223053;1.0601106882095337;NA;NA
427;0.426086962223053;1.0592843294143677;NA;NA
428;0.426086962223053;1.0594384670257568;NA;NA
429;0.426086962223053;1.059708595275879;NA;NA
430;0.426086962223053;1.0591942071914673;NA;NA
431;0.426086962223053;1.0601937770843506;NA;NA
432;0.426086962223053;1.0595651865005493;NA;NA
433;0.426086962223053;1.0602434873580933;NA;NA
434;0.426086962223053;1.05967116355896;NA;NA
435;0.426086962223053;1.0604767799377441;NA;NA
436;0.426086962223053;1.0596704483032227;NA;NA
437;0.426086962223053;1.0603550672531128;NA;NA
438;0.426086962223053;1.0596345663070679;NA;NA
439;0.426086962223053;1.0596550703048706;NA;NA
440;0.426086962223053;1.0591546297073364;NA;NA
441;0.426086962223053;1.0597561597824097;NA;NA
442;0.426086962223053;1.0603201389312744;NA;NA
443;0.426086962223053;1.059858798980713;NA;NA
444;0.426086962223053;1.0593647956848145;NA;NA
445;0.426086962223053;1.0599244832992554;NA;NA
446;0.426086962223053;1.059956431388855;NA;NA
447;0.426086962223053;1.0603255033493042;NA;NA
448;0.426086962223053;1.059955358505249;NA;NA
449;0.426086962223053;1.060512661933899;NA;NA
450;0.426086962223053;1.0601134300231934;NA;NA
451;0.426086962223053;1.0599720478057861;NA;NA
452;0.426086962223053;1.0595448017120361;NA;NA
453;0.426086962223053;1.0596811771392822;NA;NA
454;0.426086962223053;1.060133934020996;NA;NA
455;0.426086962223053;1.0602267980575562;NA;NA
456;0.426086962223053;1.059755802154541;NA;NA
457;0.426086962223053;1.0608285665512085;NA;NA
458;0.426086962223053;1.059649109840393;NA;NA
459;0.426086962223053;1.0605756044387817;NA;NA
460;0.426086962223053;1.059359073638916;NA;NA
461;0.426086962223053;1.060246229171753;NA;NA
462;0.426086962223053;1.060595154762268;NA;NA
463;0.426086962223053;1.0596033334732056;NA;NA
464;0.426086962223053;1.0596709251403809;NA;NA
465;0.426086962223053;1.0592271089553833;NA;NA
466;0.426086962223053;1.0594075918197632;NA;NA
467;0.426086962223053;1.059908151626587;NA;NA
468;0.426086962223053;1.0592890977859497;NA;NA
469;0.426086962223053;1.060577154159546;NA;NA
470;0.426086962223053;1.059088110923767;NA;NA
471;0.426086962223053;1.0595027208328247;NA;NA
472;0.426086962223053;1.0597608089447021;NA;NA
473;0.426086962223053;1.0603779554367065;NA;NA
474;0.426086962223053;1.060017466545105;NA;NA
475;0.426086962223053;1.0606756210327148;NA;NA
476;0.426086962223053;1.060469150543213;NA;NA
477;0.426086962223053;1.059878945350647;NA;NA
478;0.426086962223053;1.0601568222045898;NA;NA
479;0.426086962223053;1.0596821308135986;NA;NA
480;0.426086962223053;1.0598421096801758;NA;NA
481;0.426086962223053;1.0597532987594604;NA;NA
482;0.426086962223053;1.0601235628128052;NA;NA
483;0.426086962223053;1.0596415996551514;NA;NA
484;0.426086962223053;1.0598360300064087;NA;NA
485;0.426086962223053;1.060233473777771;NA;NA
486;0.426086962223053;1.0592509508132935;NA;NA
487;0.426086962223053;1.059572458267212;NA;NA
488;0.426086962223053;1.0596685409545898;NA;NA
489;0.426086962223053;1.0596613883972168;NA;NA
490;0.426086962223053;1.0602405071258545;NA;NA
491;0.426086962223053;1.0597928762435913;NA;NA
492;0.426086962223053;1.06053626537323;NA;NA
493;0.426086962223053;1.0598628520965576;NA;NA
494;0.426086962223053;1.0601825714111328;NA;NA
495;0.426086962223053;1.0591946840286255;NA;NA
496;0.426086962223053;1.0605707168579102;NA;NA
497;0.426086962223053;1.0595107078552246;NA;NA
498;0.426086962223053;1.0598571300506592;NA;NA
499;0.426086962223053;1.059627652168274;NA;NA
500;0.426086962223053;1.060166597366333;NA;NA
501;0.426086962223053;1.0588804483413696;NA;NA
502;0.426086962223053;1.0602011680603027;NA;NA
503;0.426086962223053;1.0597456693649292;NA;NA
504;0.426086962223053;1.059658408164978;NA;NA
505;0.426086962223053;1.0597114562988281;NA;NA
506;0.426086962223053;1.0598044395446777;NA;NA
507;0.426086962223053;1.0593762397766113;NA;NA
508;0.426086962223053;1.0596866607666016;NA;NA
509;0.426086962223053;1.0595858097076416;NA;NA
510;0.426086962223053;1.0589550733566284;NA;NA
511;0.426086962223053;1.0605523586273193;NA;NA
512;0.426086962223053;1.0604723691940308;NA;NA
513;0.426086962223053;1.0591799020767212;NA;NA
514;0.426086962223053;1.0594509840011597;NA;NA
515;0.426086962223053;1.0598828792572021;NA;NA
516;0.426086962223053;1.0598481893539429;NA;NA
517;0.426086962223053;1.059921145439148;NA;NA
518;0.426086962223053;1.0597325563430786;NA;NA
519;0.426086962223053;1.0597139596939087;NA;NA
520;0.426086962223053;1.0599528551101685;NA;NA
521;0.426086962223053;1.059411644935608;NA;NA
522;0.426086962223053;1.0604076385498047;NA;NA
523;0.426086962223053;1.059464693069458;NA;NA
524;0.426086962223053;1.0590721368789673;NA;NA
525;0.426086962223053;1.0605515241622925;NA;NA
526;0.426086962223053;1.0597732067108154;NA;NA
527;0.426086962223053;1.0604207515716553;NA;NA
528;0.426086962223053;1.0599793195724487;NA;NA
529;0.426086962223053;1.0601681470870972;NA;NA
530;0.426086962223053;1.059791088104248;NA;NA
531;0.426086962223053;1.0603805780410767;NA;NA
532;0.426086962223053;1.0591893196105957;NA;NA
533;0.426086962223053;1.0594611167907715;NA;NA
534;0.426086962223053;1.0596239566802979;NA;NA
535;0.426086962223053;1.0603559017181396;NA;NA
536;0.426086962223053;1.0602684020996094;NA;NA
537;0.426086962223053;1.0600868463516235;NA;NA
538;0.426086962223053;1.0605758428573608;NA;NA
539;0.426086962223053;1.0592293739318848;NA;NA
540;0.426086962223053;1.0593961477279663;NA;NA
541;0.426086962223053;1.0592414140701294;NA;NA
542;0.426086962223053;1.0598170757293701;NA;NA
543;0.426086962223053;1.059733271598816;NA;NA
544;0.426086962223053;1.0606813430786133;NA;NA
545;0.426086962223053;1.0592976808547974;NA;NA
546;0.426086962223053;1.0595629215240479;NA;NA
547;0.426086962223053;1.0595159530639648;NA;NA
548;0.426086962223053;1.0592962503433228;NA;NA
549;0.426086962223053;1.060128092765808;NA;NA
550;0.426086962223053;1.059719443321228;NA;NA
551;0.426086962223053;1.0596481561660767;NA;NA
552;0.426086962223053;1.0597343444824219;NA;NA
553;0.426086962223053;1.0600578784942627;NA;NA
554;0.426086962223053;1.0605920553207397;NA;NA
555;0.426086962223053;1.0600430965423584;NA;NA
556;0.426086962223053;1.0604814291000366;NA;NA
557;0.426086962223053;1.0600166320800781;NA;NA
558;0.426086962223053;1.0598841905593872;NA;NA
559;0.426086962223053;1.0593724250793457;NA;NA
560;0.426086962223053;1.0599913597106934;NA;NA
561;0.426086962223053;1.0601767301559448;NA;NA
562;0.426086962223053;1.0594807863235474;NA;NA
563;0.426086962223053;1.059912919998169;NA;NA
564;0.426086962223053;1.0596168041229248;NA;NA
565;0.426086962223053;1.0598499774932861;NA;NA
566;0.426086962223053;1.061389446258545;NA;NA
567;0.426086962223053;1.0598832368850708;NA;NA
568;0.426086962223053;1.0594228506088257;NA;NA
569;0.426086962223053;1.0600420236587524;NA;NA
570;0.426086962223053;1.0590614080429077;NA;NA
571;0.426086962223053;1.0600956678390503;NA;NA
572;0.426086962223053;1.0603365898132324;NA;NA
573;0.426086962223053;1.0590776205062866;NA;NA
574;0.426086962223053;1.059822916984558;NA;NA
575;0.426086962223053;1.0598067045211792;NA;NA
576;0.426086962223053;1.0596858263015747;NA;NA
577;0.426086962223053;1.059562087059021;NA;NA
578;0.426086962223053;1.0598417520523071;NA;NA
579;0.426086962223053;1.0606685876846313;NA;NA
580;0.426086962223053;1.0590901374816895;NA;NA
581;0.426086962223053;1.0596588850021362;NA;NA
582;0.426086962223053;1.0599859952926636;NA;NA
583;0.426086962223053;1.0601918697357178;NA;NA
584;0.426086962223053;1.059345006942749;NA;NA
585;0.426086962223053;1.060529112815857;NA;NA
586;0.426086962223053;1.0597972869873047;NA;NA
587;0.426086962223053;1.0606375932693481;NA;NA
588;0.426086962223053;1.0602757930755615;NA;NA
589;0.426086962223053;1.0601972341537476;NA;NA
590;0.426086962223053;1.0596281290054321;NA;NA
591;0.426086962223053;1.0594743490219116;NA;NA
592;0.426086962223053;1.0599673986434937;NA;NA
593;0.426086962223053;1.059889554977417;NA;NA
594;0.426086962223053;1.0591603517532349;NA;NA
595;0.426086962223053;1.05999755859375;NA;NA
596;0.426086962223053;1.0593669414520264;NA;NA
597;0.426086962223053;1.0599360466003418;NA;NA
598;0.426086962223053;1.059383511543274;NA;NA
599;0.426086962223053;1.0608062744140625;NA;NA
600;0.426086962223053;1.0598275661468506;NA;NA
601;0.426086962223053;1.060151219367981;NA;NA
602;0.426086962223053;1.0597875118255615;NA;NA
603;0.426086962223053;1.059579849243164;NA;NA
604;0.426086962223053;1.0602227449417114;NA;NA
605;0.426086962223053;1.0596966743469238;NA;NA
606;0.426086962223053;1.0601942539215088;NA;NA
607;0.426086962223053;1.0598822832107544;NA;NA
608;0.426086962223053;1.0592433214187622;NA;NA
609;0.426086962223053;1.059887409210205;NA;NA
610;0.426086962223053;1.0595765113830566;NA;NA
611;0.426086962223053;1.0606403350830078;NA;NA
612;0.426086962223053;1.0602258443832397;NA;NA
613;0.426086962223053;1.0594121217727661;NA;NA
614;0.426086962223053;1.0605634450912476;NA;NA
615;0.426086962223053;1.0598888397216797;NA;NA
616;0.426086962223053;1.059232473373413;NA;NA
617;0.426086962223053;1.0597981214523315;NA;NA
618;0.426086962223053;1.0598868131637573;NA;NA
619;0.426086962223053;1.0600324869155884;NA;NA
620;0.426086962223053;1.0608162879943848;NA;NA
621;0.426086962223053;1.0601036548614502;NA;NA
622;0.426086962223053;1.059199333190918;NA;NA
623;0.426086962223053;1.059442162513733;NA;NA
624;0.426086962223053;1.0601688623428345;NA;NA
625;0.426086962223053;1.0603443384170532;NA;NA
626;0.426086962223053;1.0594205856323242;NA;NA
627;0.426086962223053;1.0603519678115845;NA;NA
628;0.426086962223053;1.0592690706253052;NA;NA
629;0.426086962223053;1.059377670288086;NA;NA
630;0.426086962223053;1.0597267150878906;NA;NA
631;0.426086962223053;1.060709834098816;NA;NA
632;0.426086962223053;1.0598453283309937;NA;NA
633;0.426086962223053;1.0595022439956665;NA;NA
634;0.426086962223053;1.0598493814468384;NA;NA
635;0.426086962223053;1.059303641319275;NA;NA
636;0.426086962223053;1.0594605207443237;NA;NA
637;0.426086962223053;1.0593219995498657;NA;NA
638;0.426086962223053;1.0596837997436523;NA;NA
639;0.426086962223053;1.0603851079940796;NA;NA
640;0.426086962223053;1.0592314004898071;NA;NA
641;0.426086962223053;1.060030460357666;NA;NA
642;0.426086962223053;1.0596327781677246;NA;NA
643;0.426086962223053;1.0598156452178955;NA;NA
644;0.426086962223053;1.0601567029953003;NA;NA
645;0.426086962223053;1.0602869987487793;NA;NA
646;0.426086962223053;1.0595190525054932;NA;NA
647;0.426086962223053;1.0596697330474854;NA;NA
648;0.426086962223053;1.0596245527267456;NA;NA
649;0.426086962223053;1.0599195957183838;NA;NA
650;0.426086962223053;1.05941903591156;NA;NA
651;0.426086962223053;1.059174656867981;NA;NA
652;0.426086962223053;1.0606716871261597;NA;NA
653;0.426086962223053;1.0597681999206543;NA;NA
654;0.426086962223053;1.059815764427185;NA;NA
655;0.426086962223053;1.0596195459365845;NA;NA
656;0.426086962223053;1.0595293045043945;NA;NA
657;0.426086962223053;1.0597476959228516;NA;NA
658;0.426086962223053;1.0595169067382812;NA;NA
659;0.426086962223053;1.059324026107788;NA;NA
660;0.426086962223053;1.0603593587875366;NA;NA
661;0.426086962223053;1.059505820274353;NA;NA
662;0.426086962223053;1.0594903230667114;NA;NA
663;0.426086962223053;1.0594377517700195;NA;NA
664;0.426086962223053;1.0597014427185059;NA;NA
665;0.426086962223053;1.0601831674575806;NA;NA
666;0.426086962223053;1.0606975555419922;NA;NA
667;0.426086962223053;1.0601372718811035;NA;NA
668;0.426086962223053;1.0596784353256226;NA;NA
669;0.426086962223053;1.0595929622650146;NA;NA
670;0.426086962223053;1.059859275817871;NA;NA
671;0.426086962223053;1.0590157508850098;NA;NA
672;0.426086962223053;1.0596275329589844;NA;NA
673;0.426086962223053;1.0595645904541016;NA;NA
674;0.426086962223053;1.0593559741973877;NA;NA
675;0.426086962223053;1.0598640441894531;NA;NA
676;0.426086962223053;1.0601799488067627;NA;NA
677;0.426086962223053;1.0594717264175415;NA;NA
678;0.426086962223053;1.05966317653656;NA;NA
679;0.426086962223053;1.0609887838363647;NA;NA
680;0.426086962223053;1.0600205659866333;NA;NA
681;0.426086962223053;1.0600852966308594;NA;NA
682;0.426086962223053;1.0598961114883423;NA;NA
683;0.426086962223053;1.0604426860809326;NA;NA
684;0.426086962223053;1.0604556798934937;NA;NA
685;0.426086962223053;1.0600727796554565;NA;NA
686;0.426086962223053;1.0598253011703491;NA;NA
687;0.426086962223053;1.0596357583999634;NA;NA
688;0.426086962223053;1.0595941543579102;NA;NA
689;0.426086962223053;1.05988609790802;NA;NA
690;0.426086962223053;1.060236930847168;NA;NA
691;0.426086962223053;1.060283899307251;NA;NA
692;0.426086962223053;1.059574842453003;NA;NA
693;0.426086962223053;1.0602290630340576;NA;NA
694;0.426086962223053;1.0598986148834229;NA;NA
695;0.426086962223053;1.0603383779525757;NA;NA
696;0.426086962223053;1.0597593784332275;NA;NA
697;0.426086962223053;1.0606803894042969;NA;NA
698;0.426086962223053;1.059614896774292;NA;NA
699;0.426086962223053;1.0605494976043701;NA;NA
700;0.426086962223053;1.0594730377197266;NA;NA
701;0.426086962223053;1.0611201524734497;NA;NA
702;0.426086962223053;1.0593572854995728;NA;NA
703;0.426086962223053;1.0596774816513062;NA;NA
704;0.426086962223053;1.0598338842391968;NA;NA
705;0.426086962223053;1.0595589876174927;NA;NA
706;0.426086962223053;1.0597816705703735;NA;NA
707;0.426086962223053;1.0595744848251343;NA;NA
708;0.426086962223053;1.059818148612976;NA;NA
709;0.426086962223053;1.059751033782959;NA;NA
710;0.426086962223053;1.0595450401306152;NA;NA
711;0.426086962223053;1.0595290660858154;NA;NA
712;0.426086962223053;1.0593370199203491;NA;NA
713;0.426086962223053;1.0595942735671997;NA;NA
714;0.426086962223053;1.0591315031051636;NA;NA
715;0.426086962223053;1.0601674318313599;NA;NA
716;0.426086962223053;1.0596511363983154;NA;NA
717;0.426086962223053;1.060270071029663;NA;NA
718;0.426086962223053;1.0597459077835083;NA;NA
719;0.426086962223053;1.0597431659698486;NA;NA
720;0.426086962223053;1.0605627298355103;NA;NA
721;0.426086962223053;1.0601961612701416;NA;NA
722;0.426086962223053;1.0596593618392944;NA;NA
723;0.426086962223053;1.0601359605789185;NA;NA
724;0.426086962223053;1.0606540441513062;NA;NA
725;0.426086962223053;1.0601798295974731;NA;NA
726;0.426086962223053;1.0597732067108154;NA;NA
727;0.426086962223053;1.0594520568847656;NA;NA
728;0.426086962223053;1.059364676475525;NA;NA
729;0.426086962223053;1.0595684051513672;NA;NA
730;0.426086962223053;1.059466004371643;NA;NA
731;0.426086962223053;1.059932827949524;NA;NA
732;0.426086962223053;1.0600090026855469;NA;NA
733;0.426086962223053;1.0598845481872559;NA;NA
734;0.426086962223053;1.0598284006118774;NA;NA
735;0.426086962223053;1.059848666191101;NA;NA
736;0.426086962223053;1.0594693422317505;NA;NA
737;0.426086962223053;1.0596327781677246;NA;NA
738;0.426086962223053;1.0600695610046387;NA;NA
739;0.426086962223053;1.0599859952926636;NA;NA
740;0.426086962223053;1.0602000951766968;NA;NA
741;0.426086962223053;1.0595604181289673;NA;NA
742;0.426086962223053;1.0608223676681519;NA;NA
743;0.426086962223053;1.0605579614639282;NA;NA
744;0.426086962223053;1.05949068069458;NA;NA
745;0.426086962223053;1.0602481365203857;NA;NA
746;0.426086962223053;1.059619426727295;NA;NA
747;0.426086962223053;1.0601470470428467;NA;NA
748;0.426086962223053;1.0597834587097168;NA;NA
749;0.426086962223053;1.0601917505264282;NA;NA
750;0.426086962223053;1.059909462928772;NA;NA
751;0.426086962223053;1.0597649812698364;NA;NA
752;0.426086962223053;1.059525728225708;NA;NA
753;0.426086962223053;1.060135006904602;NA;NA
754;0.426086962223053;1.0593301057815552;NA;NA
755;0.426086962223053;1.0603106021881104;NA;NA
756;0.426086962223053;1.0596121549606323;NA;NA
757;0.426086962223053;1.0600306987762451;NA;NA
758;0.426086962223053;1.0596163272857666;NA;NA
759;0.426086962223053;1.0603513717651367;NA;NA
760;0.426086962223053;1.0600179433822632;NA;NA
761;0.426086962223053;1.0595561265945435;NA;NA
762;0.426086962223053;1.0601606369018555;NA;NA
763;0.426086962223053;1.0594590902328491;NA;NA
764;0.426086962223053;1.058990478515625;NA;NA
765;0.426086962223053;1.0600024461746216;NA;NA
766;0.426086962223053;1.0598454475402832;NA;NA
767;0.426086962223053;1.0602065324783325;NA;NA
768;0.426086962223053;1.059553861618042;NA;NA
769;0.426086962223053;1.0596225261688232;NA;NA
770;0.426086962223053;1.0593376159667969;NA;NA
771;0.426086962223053;1.0598610639572144;NA;NA
772;0.426086962223053;1.0603139400482178;NA;NA
773;0.426086962223053;1.059066653251648;NA;NA
774;0.426086962223053;1.0600042343139648;NA;NA
775;0.426086962223053;1.0603570938110352;NA;NA
776;0.426086962223053;1.059962272644043;NA;NA
777;0.426086962223053;1.0595790147781372;NA;NA
778;0.426086962223053;1.0597665309906006;NA;NA
779;0.426086962223053;1.0597072839736938;NA;NA
780;0.426086962223053;1.0593292713165283;NA;NA
781;0.426086962223053;1.059924840927124;NA;NA
782;0.426086962223053;1.0595810413360596;NA;NA
783;0.426086962223053;1.0607794523239136;NA;NA
784;0.426086962223053;1.0593236684799194;NA;NA
785;0.426086962223053;1.0596426725387573;NA;NA
786;0.426086962223053;1.0592660903930664;NA;NA
787;0.426086962223053;1.0597790479660034;NA;NA
788;0.426086962223053;1.060367465019226;NA;NA
789;0.426086962223053;1.058971643447876;NA;NA
790;0.426086962223053;1.0601439476013184;NA;NA
791;0.426086962223053;1.0610154867172241;NA;NA
792;0.426086962223053;1.0594321489334106;NA;NA
793;0.426086962223053;1.0591533184051514;NA;NA
794;0.426086962223053;1.0596728324890137;NA;NA
795;0.426086962223053;1.0598541498184204;NA;NA
796;0.426086962223053;1.0600401163101196;NA;NA
797;0.426086962223053;1.0602755546569824;NA;NA
798;0.426086962223053;1.060414433479309;NA;NA
799;0.426086962223053;1.059119462966919;NA;NA
800;0.426086962223053;1.060148000717163;NA;NA
801;0.426086962223053;1.0598613023757935;NA;NA
802;0.426086962223053;1.0593470335006714;NA;NA
803;0.426086962223053;1.0596795082092285;NA;NA
804;0.426086962223053;1.0600394010543823;NA;NA
805;0.426086962223053;1.059385061264038;NA;NA
806;0.426086962223053;1.0604832172393799;NA;NA
807;0.426086962223053;1.0602680444717407;NA;NA
808;0.426086962223053;1.0610096454620361;NA;NA
809;0.426086962223053;1.060760259628296;NA;NA
810;0.426086962223053;1.0610843896865845;NA;NA
811;0.426086962223053;1.0611348152160645;NA;NA
812;0.426086962223053;1.0606489181518555;NA;NA
813;0.426086962223053;1.0597269535064697;NA;NA
814;0.426086962223053;1.0597678422927856;NA;NA
815;0.426086962223053;1.059511423110962;NA;NA
816;0.426086962223053;1.0603811740875244;NA;NA
817;0.426086962223053;1.0595635175704956;NA;NA
818;0.426086962223053;1.0596086978912354;NA;NA
819;0.426086962223053;1.0595099925994873;NA;NA
820;0.426086962223053;1.0594182014465332;NA;NA
821;0.426086962223053;1.0596520900726318;NA;NA
822;0.426086962223053;1.0603550672531128;NA;NA
823;0.426086962223053;1.0596545934677124;NA;NA
824;0.426086962223053;1.0610191822052002;NA;NA
825;0.426086962223053;1.0597113370895386;NA;NA
826;0.426086962223053;1.059831976890564;NA;NA
827;0.426086962223053;1.0605825185775757;NA;NA
828;0.426086962223053;1.05929696559906;NA;NA
829;0.426086962223053;1.060064673423767;NA;NA
830;0.426086962223053;1.060267448425293;NA;NA
831;0.426086962223053;1.0597796440124512;NA;NA
832;0.426086962223053;1.0598233938217163;NA;NA
833;0.426086962223053;1.0599597692489624;NA;NA
834;0.426086962223053;1.0603737831115723;NA;NA
835;0.426086962223053;1.0598528385162354;NA;NA
836;0.426086962223053;1.059950351715088;NA;NA
837;0.426086962223053;1.059672236442566;NA;NA
838;0.426086962223053;1.0594472885131836;NA;NA
839;0.426086962223053;1.0596176385879517;NA;NA
840;0.426086962223053;1.0598301887512207;NA;NA
841;0.426086962223053;1.060114860534668;NA;NA
842;0.426086962223053;1.0601387023925781;NA;NA
843;0.426086962223053;1.059757113456726;NA;NA
844;0.426086962223053;1.0589723587036133;NA;NA
845;0.426086962223053;1.0595858097076416;NA;NA
846;0.426086962223053;1.0596249103546143;NA;NA
847;0.426086962223053;1.0605684518814087;NA;NA
848;0.426086962223053;1.0598911046981812;NA;NA
849;0.426086962223053;1.0613824129104614;NA;NA
850;0.426086962223053;1.05917489528656;NA;NA
851;0.426086962223053;1.059727668762207;NA;NA
852;0.426086962223053;1.0599974393844604;NA;NA
853;0.426086962223053;1.059190273284912;NA;NA
854;0.426086962223053;1.0601617097854614;NA;NA
855;0.426086962223053;1.0600641965866089;NA;NA
856;0.426086962223053;1.060534954071045;NA;NA
857;0.426086962223053;1.0598750114440918;NA;NA
858;0.426086962223053;1.0606062412261963;NA;NA
859;0.426086962223053;1.0598286390304565;NA;NA
860;0.426086962223053;1.0595831871032715;NA;NA
861;0.426086962223053;1.0599766969680786;NA;NA
862;0.426086962223053;1.0592602491378784;NA;NA
863;0.426086962223053;1.0601115226745605;NA;NA
864;0.426086962223053;1.060637354850769;NA;NA
865;0.426086962223053;1.0593711137771606;NA;NA
866;0.426086962223053;1.0599560737609863;NA;NA
867;0.426086962223053;1.0590615272521973;NA;NA
868;0.426086962223053;1.0599228143692017;NA;NA
869;0.426086962223053;1.0598307847976685;NA;NA
870;0.426086962223053;1.0599771738052368;NA;NA
871;0.426086962223053;1.0596635341644287;NA;NA
872;0.426086962223053;1.0599421262741089;NA;NA
873;0.426086962223053;1.0608464479446411;NA;NA
874;0.426086962223053;1.059888243675232;NA;NA
875;0.426086962223053;1.0598727464675903;NA;NA
876;0.426086962223053;1.0602949857711792;NA;NA
877;0.426086962223053;1.059596300125122;NA;NA
878;0.426086962223053;1.0597771406173706;NA;NA
879;0.426086962223053;1.0602084398269653;NA;NA
880;0.426086962223053;1.0606459379196167;NA;NA
881;0.426086962223053;1.0593551397323608;NA;NA
882;0.426086962223053;1.0602290630340576;NA;NA
883;0.426086962223053;1.0600577592849731;NA;NA
884;0.426086962223053;1.0594919919967651;NA;NA
885;0.426086962223053;1.0600606203079224;NA;NA
886;0.426086962223053;1.0599530935287476;NA;NA
887;0.426086962223053;1.0596895217895508;NA;NA
888;0.426086962223053;1.0596919059753418;NA;NA
889;0.426086962223053;1.0594696998596191;NA;NA
890;0.426086962223053;1.0593565702438354;NA;NA
891;0.426086962223053;1.0596158504486084;NA;NA
892;0.426086962223053;1.0597752332687378;NA;NA
893;0.426086962223053;1.0589853525161743;NA;NA
894;0.426086962223053;1.059640645980835;NA;NA
895;0.426086962223053;1.0602056980133057;NA;NA
896;0.426086962223053;1.0600461959838867;NA;NA
897;0.426086962223053;1.0597898960113525;NA;NA
898;0.426086962223053;1.059943437576294;NA;NA
899;0.426086962223053;1.060072898864746;NA;NA
900;0.426086962223053;1.0593976974487305;NA;NA
901;0.426086962223053;1.059104323387146;NA;NA
902;0.426086962223053;1.0603471994400024;NA;NA
903;0.426086962223053;1.0602991580963135;NA;NA
904;0.426086962223053;1.0599286556243896;NA;NA
905;0.426086962223053;1.0598621368408203;NA;NA
906;0.426086962223053;1.0594288110733032;NA;NA
907;0.426086962223053;1.0593992471694946;NA;NA
908;0.426086962223053;1.059800624847412;NA;NA
909;0.426086962223053;1.0593655109405518;NA;NA
910;0.426086962223053;1.0602285861968994;NA;NA
911;0.426086962223053;1.0607861280441284;NA;NA
912;0.426086962223053;1.0600056648254395;NA;NA
913;0.426086962223053;1.0597950220108032;NA;NA
914;0.426086962223053;1.0599901676177979;NA;NA
915;0.426086962223053;1.060156226158142;NA;NA
916;0.426086962223053;1.0597776174545288;NA;NA
917;0.426086962223053;1.060198187828064;NA;NA
918;0.426086962223053;1.059834599494934;NA;NA
919;0.426086962223053;1.060233235359192;NA;NA
920;0.426086962223053;1.059516191482544;NA;NA
921;0.426086962223053;1.0598500967025757;NA;NA
922;0.426086962223053;1.059918999671936;NA;NA
923;0.426086962223053;1.0599156618118286;NA;NA
924;0.426086962223053;1.0592507123947144;NA;NA
925;0.426086962223053;1.0600786209106445;NA;NA
926;0.426086962223053;1.059667706489563;NA;NA
927;0.426086962223053;1.0597646236419678;NA;NA
928;0.426086962223053;1.0589678287506104;NA;NA
929;0.426086962223053;1.0601252317428589;NA;NA
930;0.426086962223053;1.0596563816070557;NA;NA
931;0.426086962223053;1.059548020362854;NA;NA
932;0.426086962223053;1.059974193572998;NA;NA
933;0.426086962223053;1.0606353282928467;NA;NA
934;0.426086962223053;1.059339165687561;NA;NA
935;0.426086962223053;1.060689926147461;NA;NA
936;0.426086962223053;1.0596532821655273;NA;NA
937;0.426086962223053;1.0613380670547485;NA;NA
938;0.426086962223053;1.0599445104599;NA;NA
939;0.426086962223053;1.0601599216461182;NA;NA
940;0.426086962223053;1.0603127479553223;NA;NA
941;0.426086962223053;1.0600981712341309;NA;NA
942;0.426086962223053;1.0597563982009888;NA;NA
943;0.426086962223053;1.0604931116104126;NA;NA
944;0.426086962223053;1.0594416856765747;NA;NA
945;0.426086962223053;1.0598450899124146;NA;NA
946;0.426086962223053;1.0597267150878906;NA;NA
947;0.426086962223053;1.0594453811645508;NA;NA
948;0.426086962223053;1.059770941734314;NA;NA
949;0.426086962223053;1.0604135990142822;NA;NA
950;0.426086962223053;1.0598357915878296;NA;NA
951;0.426086962223053;1.0597834587097168;NA;NA
952;0.426086962223053;1.0594955682754517;NA;NA
953;0.426086962223053;1.0597636699676514;NA;NA
954;0.426086962223053;1.0593609809875488;NA;NA
955;0.426086962223053;1.0601985454559326;NA;NA
956;0.426086962223053;1.0599112510681152;NA;NA
957;0.426086962223053;1.0604679584503174;NA;NA
958;0.426086962223053;1.060051679611206;NA;NA
959;0.426086962223053;1.0596389770507812;NA;NA
960;0.426086962223053;1.0592689514160156;NA;NA
961;0.426086962223053;1.059513807296753;NA;NA
962;0.426086962223053;1.0594496726989746;NA;NA
963;0.426086962223053;1.0597350597381592;NA;NA
964;0.426086962223053;1.0600223541259766;NA;NA
965;0.426086962223053;1.059669017791748;NA;NA
966;0.426086962223053;1.0598489046096802;NA;NA
967;0.426086962223053;1.0596283674240112;NA;NA
968;0.426086962223053;1.0597904920578003;NA;NA
969;0.426086962223053;1.0594496726989746;NA;NA
970;0.426086962223053;1.0601321458816528;NA;NA
971;0.426086962223053;1.0601435899734497;NA;NA
972;0.426086962223053;1.060142159461975;NA;NA
973;0.426086962223053;1.0595548152923584;NA;NA
974;0.426086962223053;1.0596925020217896;NA;NA
975;0.426086962223053;1.0601277351379395;NA;NA
976;0.426086962223053;1.0603207349777222;NA;NA
977;0.426086962223053;1.0606234073638916;NA;NA
978;0.426086962223053;1.060076117515564;NA;NA
979;0.426086962223053;1.0603809356689453;NA;NA
980;0.426086962223053;1.059839129447937;NA;NA
981;0.426086962223053;1.0595606565475464;NA;NA
982;0.426086962223053;1.0598698854446411;NA;NA
983;0.426086962223053;1.0601773262023926;NA;NA
984;0.426086962223053;1.0594549179077148;NA;NA
985;0.426086962223053;1.059855341911316;NA;NA
986;0.426086962223053;1.0607174634933472;NA;NA
987;0.426086962223053;1.0596507787704468;NA;NA
988;0.426086962223053;1.0604333877563477;NA;NA
989;0.426086962223053;1.05985426902771;NA;NA
990;0.426086962223053;1.0599054098129272;NA;NA
991;0.426086962223053;1.059303641319275;NA;NA
992;0.426086962223053;1.0599637031555176;NA;NA
993;0.426086962223053;1.0591381788253784;NA;NA
994;0.426086962223053;1.0594589710235596;NA;NA
995;0.426086962223053;1.0599138736724854;NA;NA
996;0.426086962223053;1.0596081018447876;NA;NA
997;0.426086962223053;1.0597532987594604;NA;NA
998;0.426086962223053;1.059820532798767;NA;NA
999;0.426086962223053;1.0607644319534302;NA;NA
